{"cameraMode":{"drawMode":0,"name":"Shaded","section":"Shading Mode"},"sceneLighting":true,"audioPlay":false,"sceneViewState":{"showFog":true,"showMaterialUpdate":false,"showSkybox":true,"showFlares":true,"showImageEffects":true,"showParticleSystems":true},"in2DMode":false,"pivot":{"x":-0.22011733055114747,"y":-1.7017114162445069,"z":-0.21256017684936524},"rotation":{"x":-0.24053725600242616,"y":0.7105342745780945,"z":-0.5958192348480225,"w":-0.2868489921092987},"size":1.8448314666748047,"orthographic":false}